{
  "train_loss": [
    6.284756457773152,
    5.521360502580856,
    5.359585082498493,
    5.253169246850287,
    5.189840744236834
  ],
  "train_perplexity": [
    716.9027154491123,
    252.13209795627023,
    214.4023062890492,
    192.35568836014667,
    180.89787685383894
  ],
  "val_loss": [
    5.604241308958634,
    5.410828517830891,
    5.3011434389197305,
    5.231852956440138,
    5.2045261237932285
  ],
  "val_perplexity": [
    272.94150775411856,
    225.2409671285878,
    201.91209378449813,
    188.52322686236838,
    183.47544296928075
  ]
}